ts,level,relevant_count,tier3_count,failed_count,sources_scanned
2026-07-19T14:32:14.114822+00:00,QUIET,0,0,0,
2026-07-19T14:56:07.135814+00:00,QUIET,0,0,0,
2026-07-19T15:18:50.192513+00:00,QUIET,0,0,0,
2026-07-19T19:08:01.877574+00:00,QUIET,0,0,0,
2026-07-19T19:12:12.445450+00:00,QUIET,0,0,0,
2026-07-19T19:22:21.468630+00:00,QUIET,0,0,0,
2026-07-20T05:13:56.536063+00:00,QUIET,0,0,0,
2026-07-20T05:19:49.920855+00:00,QUIET,0,0,0,
2026-07-20T09:33:16.914629+00:00,QUIET,0,0,0,
2026-07-20T10:02:28.785741+00:00,QUIET,0,0,0,
2026-07-20T10:19:05.471676+00:00,QUIET,0,0,0,
2026-07-20T10:25:19.503925+00:00,QUIET,0,0,0,
2026-07-20T10:31:27.807754+00:00,QUIET,0,0,0,
2026-07-20T14:28:44.534811+00:00,QUIET,0,0,0,
2026-07-20T19:56:13.560848+00:00,QUIET,0,0,0,
2026-07-20T20:12:32.385250+00:00,WATCH,2,0,0,
2026-07-20T20:19:39.175558+00:00,QUIET,0,0,0,
2026-07-21T00:58:11.206195+00:00,QUIET,0,0,0,
2026-07-21T07:01:19.191837+00:00,QUIET,0,0,0,
2026-07-21T08:42:25.631420+00:00,QUIET,0,0,0,
2026-07-21T14:18:19.539014+00:00,WATCH,1,0,0,
2026-07-21T19:45:23.917141+00:00,WATCH,2,0,0,
2026-07-21T20:05:24.945685+00:00,QUIET,0,0,0,
2026-07-22T06:27:28.682717+00:00,QUIET,0,0,0,
2026-07-22T08:42:01.654267+00:00,QUIET,0,0,0,
2026-07-22T12:16:19.322881+00:00,QUIET,0,0,0,
2026-07-22T14:19:25.285973+00:00,QUIET,0,0,0,
2026-07-22T19:39:24.844739+00:00,QUIET,0,0,0,
2026-07-23T07:52:16.425035+00:00,QUIET,0,0,0,
2026-07-23T14:21:54.459102+00:00,WATCH,1,0,0,
2026-07-23T19:39:39.219924+00:00,WATCH,1,0,0,
2026-07-24T08:37:34.949734+00:00,QUIET,0,0,0,
2026-07-24T13:59:46.321886+00:00,QUIET,0,0,0,
2026-07-24T19:42:42.233272+00:00,WATCH,1,0,0,
2026-07-25T08:18:40.850066+00:00,WATCH,1,0,0,
2026-07-25T13:50:01.633152+00:00,QUIET,0,0,0,
2026-07-25T19:22:11.454790+00:00,QUIET,0,0,0,
2026-07-25T20:59:04.224273+00:00,QUIET,0,0,0,
2026-07-25T22:27:37.592718+00:00,QUIET,0,0,0,
2026-07-26T07:22:37.171830+00:00,QUIET,0,0,0,
2026-07-26T09:38:49.605322+00:00,WATCH,1,0,0,
2026-07-26T10:02:04.126304+00:00,QUIET,0,0,0,
2026-07-26T12:11:46.563423+00:00,QUIET,0,0,0,
2026-07-26T16:11:43.470272+00:00,WATCH,1,0,0,
2026-07-26T20:16:51.248231+00:00,QUIET,0,0,0,
2026-07-27T00:27:23.284553+00:00,QUIET,0,0,0,
2026-07-27T04:52:10.897730+00:00,QUIET,0,0,0,
2026-07-27T06:38:58.964423+00:00,QUIET,0,0,0,
2026-07-27T10:51:15.748249+00:00,QUIET,0,0,0,
2026-07-27T11:01:10.468496+00:00,QUIET,0,0,0,
2026-07-27T13:26:02.948077+00:00,QUIET,0,0,0,
2026-07-27T13:43:56.900868+00:00,QUIET,0,0,0,
2026-07-27T14:23:06.202078+00:00,QUIET,0,0,0,
2026-07-27T15:03:05.464567+00:00,QUIET,0,0,0,
2026-07-27T16:01:56.713582+00:00,QUIET,0,0,0,
2026-07-27T17:06:55.919219+00:00,QUIET,0,0,0,
2026-07-27T20:40:25.370511+00:00,QUIET,0,0,0,
2026-07-28T00:11:25.411858+00:00,QUIET,0,0,0,
2026-07-28T04:57:24.639980+00:00,QUIET,0,0,0,
2026-07-28T05:58:02.161675+00:00,QUIET,0,0,0,
2026-07-28T09:46:59.966946+00:00,QUIET,0,0,0,
2026-07-28T13:02:40.201712+00:00,WATCH,1,0,0,
2026-07-28T16:50:39.032062+00:00,QUIET,0,0,0,
2026-07-28T20:50:22.998114+00:00,QUIET,0,0,60,
2026-07-28T21:52:49.898309+00:00,QUIET,0,0,0,
2026-07-29T00:38:16.210027+00:00,QUIET,0,0,60,
2026-07-29T04:41:42.896240+00:00,QUIET,0,0,0,
2026-07-29T06:11:45.188047+00:00,QUIET,0,0,0,
2026-07-29T09:53:26.408641+00:00,QUIET,0,1,0,
2026-07-29T13:12:33.446723+00:00,WATCH,1,0,0,
2026-07-29T16:43:08.597571+00:00,WATCH,1,0,0,
2026-07-29T20:22:25.556210+00:00,QUIET,0,0,0,
2026-07-30T00:14:50.920657+00:00,QUIET,0,1,0,
2026-07-30T05:57:43.456315+00:00,QUIET,0,0,0,
2026-07-30T09:44:49.164640+00:00,QUIET,0,0,0,
2026-07-30T10:00:38.820410+00:00,QUIET,0,0,1,
2026-07-30T12:57:56.176288+00:00,QUIET,0,0,1,
2026-07-30T16:50:54.665151+00:00,QUIET,0,0,1,
2026-07-30T20:26:12.118139+00:00,QUIET,0,0,68,
2026-07-31T00:21:13.639912+00:00,QUIET,0,0,1,
2026-07-31T06:27:58.575999+00:00,QUIET,0,0,1,
2026-07-31T10:00:02.954191+00:00,QUIET,0,0,1,
2026-07-31T13:12:10.275641+00:00,QUIET,0,0,1,
2026-07-31T17:00:17.899679+00:00,QUIET,0,0,1,
2026-07-31T20:33:22.454057+00:00,QUIET,0,0,1,
2026-08-01T00:18:13.576651+00:00,WATCH,3,0,0,
2026-08-01T06:14:32.434392+00:00,QUIET,0,0,0,
2026-08-01T09:25:11.031296+00:00,QUIET,0,0,0,
2026-08-01T12:15:34.535282+00:00,QUIET,0,0,0,
2026-08-01T16:17:30.506082+00:00,WATCH,1,0,0,
2026-08-01T20:21:41.770306+00:00,QUIET,0,0,0,
2026-08-02T00:16:17.025816+00:00,QUIET,0,0,0,
2026-08-02T06:18:01.219982+00:00,QUIET,0,0,0,
2026-08-02T09:26:21.691055+00:00,QUIET,0,0,0,
2026-08-02T12:18:58.777313+00:00,QUIET,0,0,0,
2026-08-02T16:18:02.535548+00:00,QUIET,0,0,0,
2026-08-02T20:24:08.859176+00:00,QUIET,0,0,0,
2026-08-03T00:17:20.858055+00:00,QUIET,0,0,0,
2026-08-03T06:40:51.418985+00:00,QUIET,0,0,0,
2026-08-03T10:59:57.962048+00:00,QUIET,0,0,0,
2026-08-03T13:54:52.557169+00:00,QUIET,0,0,0,
2026-08-03T17:25:08.340605+00:00,QUIET,0,0,0,
2026-08-03T20:45:28.127119+00:00,QUIET,0,0,0,
2026-08-04T00:24:20.704973+00:00,QUIET,0,0,0,
2026-08-04T06:04:14.661516+00:00,QUIET,0,0,0,
2026-08-04T09:55:59.312444+00:00,QUIET,0,0,0,
2026-08-04T13:15:38.451787+00:00,QUIET,0,0,0,
2026-08-04T17:09:16.833068+00:00,QUIET,0,0,0,
2026-08-04T20:48:05.101262+00:00,WATCH,1,0,0,
2026-08-05T00:22:24.416560+00:00,QUIET,0,0,0,
2026-08-05T05:46:35.017055+00:00,QUIET,0,0,0,81
2026-08-05T06:01:41.158937+00:00,QUIET,0,0,0,81
2026-08-05T06:34:47.921880+00:00,QUIET,0,0,0,81
2026-08-05T09:53:38.900946+00:00,QUIET,0,0,0,81
2026-08-05T13:08:54.470188+00:00,QUIET,0,0,0,81
2026-08-05T16:57:15.031276+00:00,QUIET,0,0,0,81
2026-08-05T17:29:17.285822+00:00,QUIET,0,0,0,87
2026-08-05T18:53:37.471917+00:00,QUIET,0,0,0,87
2026-08-05T19:10:40.416771+00:00,QUIET,0,0,0,87
2026-08-05T20:47:13.475782+00:00,QUIET,0,0,0,87
2026-08-06T00:18:10.189850+00:00,QUIET,0,0,0,88
2026-08-06T06:06:47.959618+00:00,QUIET,0,0,0,89
2026-08-06T09:58:03.091931+00:00,QUIET,0,0,0,90
2026-08-06T13:11:07.369564+00:00,QUIET,0,0,0,90
2026-08-06T20:59:00.613154+00:00,QUIET,0,0,0,90
2026-08-07T00:54:58.929577+00:00,WATCH,1,0,0,96
2026-08-07T01:54:13.164338+00:00,QUIET,0,0,0,96
2026-08-07T05:11:35.771927+00:00,WATCH,1,0,0,102
2026-08-07T08:31:30.111943+00:00,QUIET,0,0,0,102
2026-08-07T12:04:04.897764+00:00,QUIET,0,0,0,112
2026-08-07T16:15:50.112847+00:00,QUIET,0,0,0,112
2026-08-07T20:08:20.934201+00:00,QUIET,0,0,0,112
2026-08-07T23:57:16.871457+00:00,QUIET,0,0,0,112
2026-08-08T04:29:26.390000+00:00,QUIET,0,0,0,112
2026-08-08T08:08:44.353162+00:00,QUIET,0,0,0,112
2026-08-08T11:49:15.823770+00:00,WATCH,2,0,0,112
2026-08-08T15:51:02.665216+00:00,QUIET,0,0,0,112
2026-08-08T19:50:27.696087+00:00,QUIET,0,0,0,114
2026-08-08T22:34:28.685257+00:00,QUIET,0,0,0,129
2026-08-08T23:55:05.788714+00:00,QUIET,0,0,0,131
2026-08-09T04:39:13.077029+00:00,QUIET,0,0,0,131
2026-08-09T08:13:16.880792+00:00,QUIET,0,0,0,131
2026-08-09T11:52:20.150611+00:00,QUIET,0,0,0,132
2026-08-09T15:07:06.383011+00:00,QUIET,0,0,0,133
2026-08-09T15:54:51.819442+00:00,QUIET,0,0,0,133
2026-08-09T19:56:21.016685+00:00,QUIET,0,0,0,133
2026-08-09T23:57:30.125551+00:00,QUIET,0,0,0,133
2026-08-10T05:01:19.112139+00:00,QUIET,0,0,0,133
2026-08-10T09:02:07.389188+00:00,QUIET,0,0,0,133
2026-08-10T12:10:33.657472+00:00,QUIET,0,0,0,134
2026-08-10T16:20:59.200282+00:00,QUIET,0,0,0,134
2026-08-10T20:12:34.694624+00:00,QUIET,0,0,0,134
2026-08-11T00:02:15.443457+00:00,QUIET,0,0,0,134
2026-08-11T04:42:01.242192+00:00,QUIET,0,0,0,135
2026-08-11T08:29:04.323097+00:00,QUIET,0,0,0,135
2026-08-11T12:05:55.725316+00:00,QUIET,0,0,0,135
2026-08-11T16:22:22.959367+00:00,QUIET,0,0,0,135
2026-08-11T20:18:51.777616+00:00,QUIET,0,0,0,136
2026-08-12T00:09:09.432822+00:00,QUIET,0,0,0,136
2026-08-12T05:10:11.792704+00:00,QUIET,0,0,0,136
2026-08-12T08:52:25.364860+00:00,QUIET,0,0,0,136
2026-08-12T12:09:41.322351+00:00,QUIET,0,0,0,136
2026-08-12T16:20:22.085932+00:00,WATCH,1,0,0,136
2026-08-12T20:18:50.265055+00:00,QUIET,0,0,0,137
2026-08-13T00:10:35.323907+00:00,QUIET,0,0,0,137
2026-08-13T05:15:07.609435+00:00,QUIET,0,0,0,138
2026-08-13T08:56:47.447531+00:00,QUIET,0,0,0,138
2026-08-13T12:10:13.785539+00:00,QUIET,0,0,0,138
2026-08-13T16:20:46.381334+00:00,QUIET,0,0,0,138
2026-08-13T20:14:03.208286+00:00,QUIET,0,0,0,138
2026-08-14T00:09:01.749624+00:00,QUIET,0,0,0,138
2026-08-14T05:12:03.962175+00:00,QUIET,0,0,0,138
2026-08-14T08:41:32.672579+00:00,QUIET,0,0,0,138
2026-08-14T10:42:44.948179+00:00,QUIET,0,0,0,138
2026-08-14T12:08:05.768648+00:00,WATCH,1,0,0,138
2026-08-14T16:15:36.343046+00:00,QUIET,0,0,0,138
2026-08-14T20:00:48.375449+00:00,QUIET,0,0,0,138
2026-08-14T23:49:08.601837+00:00,WATCH,1,0,0,138
2026-08-15T04:03:26.481528+00:00,QUIET,0,0,0,138
2026-08-15T07:54:34.736819+00:00,QUIET,0,0,0,138
2026-08-15T11:43:41.873503+00:00,QUIET,0,0,0,138
2026-08-15T15:47:04.145010+00:00,QUIET,0,1,1,138
2026-08-15T19:45:21.365532+00:00,QUIET,0,0,1,138
2026-08-15T23:48:06.486754+00:00,QUIET,0,0,1,138
2026-08-16T04:11:41.847375+00:00,QUIET,0,0,1,138
2026-08-16T07:56:56.322884+00:00,QUIET,0,0,1,138
2026-08-16T11:44:48.352498+00:00,QUIET,0,0,1,138
2026-08-16T15:47:24.309365+00:00,QUIET,0,0,1,138
2026-08-16T19:43:35.184178+00:00,QUIET,0,0,1,138
2026-08-16T23:47:45.528457+00:00,QUIET,0,0,1,138
2026-08-17T04:13:39.357056+00:00,QUIET,0,0,1,138
2026-08-17T08:15:11.658466+00:00,WATCH,2,0,1,138
2026-08-17T11:49:25.712185+00:00,QUIET,0,0,1,138
2026-08-17T15:50:37.287191+00:00,WATCH,2,0,1,138
2026-08-17T19:52:09.312475+00:00,WATCH,3,0,1,138
2026-08-17T23:48:52.439255+00:00,WATCH,3,0,1,138
2026-08-18T04:07:55.781897+00:00,QUIET,0,0,1,138
2026-08-18T08:05:53.139218+00:00,WATCH,2,0,1,138
2026-08-18T11:48:32.334745+00:00,WATCH,1,1,1,138
2026-08-18T15:57:23.351911+00:00,QUIET,0,0,1,138
2026-08-18T19:50:02.137238+00:00,WATCH,1,0,1,138
2026-08-18T23:48:42.128755+00:00,QUIET,0,0,1,138
2026-08-19T04:09:53.686197+00:00,WATCH,1,0,1,138
2026-08-19T08:06:00.649273+00:00,QUIET,0,0,1,138
2026-08-19T11:49:08.017099+00:00,QUIET,0,0,1,138
2026-08-19T15:56:59.173942+00:00,QUIET,0,0,1,138
2026-08-19T19:49:02.728752+00:00,QUIET,0,0,1,138
2026-08-19T23:49:05.812650+00:00,QUIET,0,0,1,138
2026-08-20T04:09:39.690433+00:00,WATCH,1,0,1,138
2026-08-20T08:08:30.404117+00:00,WATCH,1,0,1,138
2026-08-20T11:51:32.771931+00:00,QUIET,0,0,1,138
2026-08-20T15:59:25.845565+00:00,QUIET,0,0,1,138
2026-08-20T19:54:32.317244+00:00,QUIET,0,0,1,140
2026-08-20T23:51:51.593164+00:00,QUIET,0,0,1,140
2026-08-21T04:13:22.471062+00:00,WATCH,1,0,1,140
2026-08-21T04:53:32.974361+00:00,QUIET,0,0,0,140
2026-08-21T08:09:32.205559+00:00,QUIET,0,0,0,140
2026-08-21T10:34:00.818122+00:00,QUIET,0,0,0,140
2026-08-21T11:49:37.870064+00:00,QUIET,0,0,0,140
2026-08-21T12:36:18.657453+00:00,QUIET,0,0,1,151
2026-08-21T13:23:40.677434+00:00,QUIET,0,0,0,151
2026-08-21T15:38:29.349061+00:00,WATCH,1,0,0,152
2026-08-21T15:59:56.099495+00:00,QUIET,0,0,0,152
2026-08-21T18:06:30.321738+00:00,QUIET,0,0,0,152
2026-08-21T19:44:58.299064+00:00,QUIET,0,0,0,152
2026-08-22T03:23:23.931437+00:00,QUIET,0,0,1,152
2026-08-22T04:06:16.494750+00:00,WATCH,1,0,0,152
2026-08-22T07:58:39.684294+00:00,QUIET,0,0,0,152
2026-08-22T11:47:50.975834+00:00,QUIET,0,0,1,152
2026-08-22T15:48:32.950842+00:00,QUIET,0,0,0,152
2026-08-22T19:47:51.754074+00:00,QUIET,0,0,1,152
2026-08-22T23:49:20.461429+00:00,QUIET,0,0,0,152
2026-08-23T04:15:08.697838+00:00,QUIET,0,0,1,152
2026-08-23T08:01:14.895668+00:00,QUIET,0,0,0,152
2026-08-23T11:46:26.885281+00:00,QUIET,0,0,0,152
2026-08-23T15:49:46.249015+00:00,QUIET,0,0,1,152
2026-08-23T19:47:40.850038+00:00,QUIET,0,0,0,152
2026-08-23T23:49:15.895740+00:00,QUIET,0,0,0,152
2026-08-24T04:19:49.629764+00:00,QUIET,0,0,1,152
2026-08-24T08:20:06.133392+00:00,QUIET,0,0,0,152
2026-08-24T08:50:13.752268+00:00,QUIET,0,0,0,152
2026-08-24T11:54:24.967630+00:00,QUIET,0,0,0,152
2026-08-24T16:08:12.471793+00:00,QUIET,0,1,1,152
2026-08-24T19:55:10.578325+00:00,QUIET,0,0,0,152
2026-08-24T23:49:28.280923+00:00,WATCH,1,0,0,152
2026-08-25T04:12:55.915089+00:00,QUIET,0,0,1,152
2026-08-25T08:12:39.694799+00:00,QUIET,0,0,0,152
2026-08-25T11:54:39.711321+00:00,QUIET,0,0,0,152
2026-08-25T16:14:08.047251+00:00,QUIET,0,0,1,152
